ea_id,source,learner,tier_label,stratum,q33,q67,global_threshold,val_f1,val_auc,val_recall,val_precision,val_specificity,val_accuracy,val_ece,val_n,val_n_pos,test_f1,test_auc,test_recall,test_precision,test_specificity,test_accuracy,test_ece,test_n,test_n_pos
EA-C5.6,EA-C5.2,LogReg,T1+T2,Low,0.012790155405887767,0.0736942299318319,0.23999999999999996,1.0,1.0,1.0,1.0,1.0,1.0,0.1476445973505928,162,8,0.9565217391304348,0.9759259259259259,0.9166666666666666,1.0,1.0,0.9901960784313726,0.16588987367257696,102,12
EA-C5.6,EA-C5.2,LogReg,T1+T2,Medium,0.012790155405887767,0.0736942299318319,0.23999999999999996,0.6666666666666666,0.7778625954198473,0.5333333333333333,0.8888888888888888,0.9847328244274809,0.9006211180124224,0.08270771453520415,161,30,0.6666666666666666,0.739247311827957,0.5,1.0,1.0,0.9428571428571428,0.10346630944029385,105,12
EA-C5.6,EA-C5.2,LogReg,T1+T2,High,0.012790155405887767,0.0736942299318319,0.23999999999999996,0.7272727272727273,0.8780816640986133,0.7272727272727273,0.7272727272727273,0.8983050847457628,0.8518518518518519,0.1545793436251327,162,44,0.5454545454545454,0.7936117936117937,0.4864864864864865,0.6206896551724138,0.875,0.76,0.117515050517569,125,37
EA-C5.6,EA-C5.3,MLP,T1+..+T6,Low,0.012790155405887767,0.0736942299318319,0.25499999999999995,1.0,1.0,1.0,1.0,1.0,1.0,0.08167067819448168,162,8,0.9565217391304348,0.9833333333333334,0.9166666666666666,1.0,1.0,0.9901960784313726,0.07339674919148712,102,12
EA-C5.6,EA-C5.3,MLP,T1+..+T6,Medium,0.012790155405887767,0.0736942299318319,0.25499999999999995,0.6538461538461539,0.8404580152671757,0.5666666666666667,0.7727272727272727,0.9618320610687023,0.8881987577639752,0.031065922875987893,161,30,0.631578947368421,0.7544802867383513,0.5,0.8571428571428571,0.989247311827957,0.9333333333333333,0.022965868455914855,105,12
EA-C5.6,EA-C5.3,MLP,T1+..+T6,High,0.012790155405887767,0.0736942299318319,0.25499999999999995,0.7333333333333333,0.8378274268104776,0.75,0.717391304347826,0.8898305084745762,0.8518518518518519,0.06932475348932333,162,44,0.6133333333333333,0.7963759213759213,0.6216216216216216,0.6052631578947368,0.8295454545454546,0.768,0.12590548660962725,125,37
EA-C5.6,EA-C5.4,GBT,T1+T2+T3,Low,0.012790155405887767,0.0736942299318319,0.08499999999999998,1.0,1.0,1.0,1.0,1.0,1.0,0.07879854088844127,162,8,0.9565217391304348,0.9583333333333333,0.9166666666666666,1.0,1.0,0.9901960784313726,0.07976016432105057,102,12
EA-C5.6,EA-C5.4,GBT,T1+T2+T3,Medium,0.012790155405887767,0.0736942299318319,0.08499999999999998,0.6792452830188679,0.7838422391857507,0.6,0.782608695652174,0.9618320610687023,0.8944099378881988,0.042713357379618386,161,30,0.5714285714285714,0.7419354838709677,0.5,0.6666666666666666,0.967741935483871,0.9142857142857143,0.028913206705881787,105,12
EA-C5.6,EA-C5.4,GBT,T1+T2+T3,High,0.012790155405887767,0.0736942299318319,0.08499999999999998,0.7010309278350515,0.8328197226502312,0.7727272727272727,0.6415094339622641,0.8389830508474576,0.8209876543209876,0.06998451068481445,162,44,0.6153846153846154,0.7410933660933661,0.6486486486486487,0.5853658536585366,0.8068181818181818,0.76,0.124787552943348,125,37
